origin_id,destination_id,entry_cost,network_co,exit_cost,distance
0,0,,,,
0,17,0.0000000,43831.6348292,0.0000000,43831.6348292
0,18,0.0000000,47297.1486620,0.0000000,47297.1486620
0,20,0.0000000,57187.2054708,0.0000000,57187.2054708
0,21,0.0000000,62282.5535204,0.0000000,62282.5535204
0,23,0.0000000,65457.6715973,0.0000000,65457.6715973
0,24,0.0000000,74641.2508348,0.0000000,74641.2508348
0,25,0.0000000,79538.2214641,0.0000000,79538.2214641
0,29,0.0000000,85721.9675133,0.0000000,85721.9675133
0,30,0.0000000,87851.9542252,0.0000000,87851.9542252
0,31,0.0000000,90999.2161939,0.0000000,90999.2161939
0,32,0.0000000,92575.3791840,0.0000000,92575.3791840
0,33,0.0000000,91294.0749260,0.0000000,91294.0749260
0,35,0.0000000,95332.2505847,0.0000000,95332.2505847
0,36,0.0000000,99911.6498536,0.0000000,99911.6498536
0,38,0.0000000,98128.6552757,39.2041514,98167.8594271
0,39,0.0000000,98658.2003144,0.0000000,98658.2003144
0,40,0.0000000,101212.8728895,0.0000000,101212.8728895
0,48,0.0000000,141390.2161890,0.0000000,141390.2161890
0,52,0.0000000,156874.3869769,0.0000000,156874.3869769
0,53,0.0000000,156439.9747071,0.0000000,156439.9747071
0,54,0.0000000,149955.1004906,0.0000000,149955.1004906
0,57,0.0000000,144114.0288825,0.0000000,144114.0288825
0,58,0.0000000,142179.5105491,0.0000000,142179.5105491
0,60,0.0000000,131040.9296278,0.0000000,131040.9296278
0,61,0.0000000,126890.6210966,0.0000000,126890.6210966
0,62,0.0000000,128520.1545856,0.0000000,128520.1545856
0,63,0.0000000,123610.7313080,0.0000000,123610.7313080
0,64,0.0000000,118903.4726733,0.0000000,118903.4726733
0,66,0.0000000,120329.8053958,0.0000000,120329.8053958
0,67,0.0000000,115054.2775792,0.0000000,115054.2775792
0,68,0.0000000,107697.1866561,0.0000000,107697.1866561
0,69,0.0000000,108230.8745837,0.0000000,108230.8745837
0,77,0.0000000,66882.2385620,0.0000000,66882.2385620
0,82,0.0000000,40655.8732150,9.0872668,40664.9604817
0,83,0.0000000,42885.7977326,0.0000000,42885.7977326
0,84,0.0000000,41963.6691431,67.3401985,42031.0093416
0,85,0.0000000,36158.3225797,0.0000000,36158.3225797
0,86,0.0000000,37208.0406817,0.0000000,37208.0406817
0,87,0.0000000,34676.3471641,0.0000000,34676.3471641
0,88,0.0000000,29885.0794998,0.0000000,29885.0794998
0,89,0.0000000,29213.7392054,0.0000000,29213.7392054
0,90,0.0000000,16029.7114139,0.0000000,16029.7114139
17,0,,,,
17,17,,,,
17,18,0.0000000,7067.9990799,0.0000000,7067.9990799
17,20,0.0000000,16958.0558887,0.0000000,16958.0558887
17,21,0.0000000,22053.4039383,0.0000000,22053.4039383
17,23,0.0000000,25228.5220152,0.0000000,25228.5220152
17,24,0.0000000,34412.1012527,0.0000000,34412.1012527
17,25,0.0000000,39309.0718820,0.0000000,39309.0718820
17,29,0.0000000,45492.8179312,0.0000000,45492.8179312
17,30,0.0000000,47622.8046430,0.0000000,47622.8046430
17,31,0.0000000,50770.0666118,0.0000000,50770.0666118
17,32,0.0000000,52346.2296019,0.0000000,52346.2296019
17,33,0.0000000,51064.9253439,0.0000000,51064.9253439
17,35,0.0000000,55103.1010026,0.0000000,55103.1010026
17,36,0.0000000,59682.5002715,0.0000000,59682.5002715
17,38,0.0000000,57899.5056936,39.2041514,57938.7098450
17,39,0.0000000,58429.0507323,0.0000000,58429.0507323
17,40,0.0000000,60983.7233074,0.0000000,60983.7233074
17,48,0.0000000,101161.0666069,0.0000000,101161.0666069
17,52,0.0000000,116645.2373948,0.0000000,116645.2373948
17,53,0.0000000,116210.8251250,0.0000000,116210.8251250
17,54,0.0000000,109725.9509084,0.0000000,109725.9509084
17,57,0.0000000,103884.8793004,0.0000000,103884.8793004
17,58,0.0000000,101950.3609670,0.0000000,101950.3609670
17,60,0.0000000,90811.7800457,0.0000000,90811.7800457
17,61,0.0000000,86661.4715145,0.0000000,86661.4715145
17,62,0.0000000,88291.0050035,0.0000000,88291.0050035
17,63,0.0000000,83381.5817259,0.0000000,83381.5817259
17,64,0.0000000,78674.3230912,0.0000000,78674.3230912
17,66,0.0000000,80100.6558137,0.0000000,80100.6558137
17,67,0.0000000,74825.1279971,0.0000000,74825.1279971
17,68,0.0000000,67468.0370740,0.0000000,67468.0370740
17,69,0.0000000,68001.7250015,0.0000000,68001.7250015
17,77,0.0000000,26653.0889799,0.0000000,26653.0889799
17,82,,,,
17,83,,,,
17,84,,,,
17,85,,,,
17,86,,,,
17,87,,,,
17,88,,,,
17,89,,,,
17,90,,,,
18,0,,,,
18,17,,,,
18,18,,,,
18,20,0.0000000,12182.8011323,0.0000000,12182.8011323
18,21,0.0000000,17278.1491819,0.0000000,17278.1491819
18,23,0.0000000,20453.2672588,0.0000000,20453.2672588
18,24,0.0000000,29636.8464964,0.0000000,29636.8464964
18,25,0.0000000,34533.8171256,0.0000000,34533.8171256
18,29,0.0000000,40717.5631748,0.0000000,40717.5631748
18,30,0.0000000,42847.5498867,0.0000000,42847.5498867
18,31,0.0000000,45994.8118554,0.0000000,45994.8118554
18,32,0.0000000,47570.9748455,0.0000000,47570.9748455
18,33,0.0000000,46289.6705876,0.0000000,46289.6705876
18,35,0.0000000,50327.8462462,0.0000000,50327.8462462
18,36,0.0000000,54907.2455151,0.0000000,54907.2455151
18,38,0.0000000,53124.2509372,39.2041514,53163.4550886
18,39,0.0000000,53653.7959759,0.0000000,53653.7959759
18,40,0.0000000,56208.4685511,0.0000000,56208.4685511
18,48,0.0000000,96385.8118505,0.0000000,96385.8118505
18,52,0.0000000,111869.9826384,0.0000000,111869.9826384
18,53,0.0000000,111435.5703686,0.0000000,111435.5703686
18,54,0.0000000,104950.6961521,0.0000000,104950.6961521
18,57,0.0000000,99109.6245440,0.0000000,99109.6245440
18,58,0.0000000,97175.1062106,0.0000000,97175.1062106
18,60,0.0000000,86036.5252893,0.0000000,86036.5252893
18,61,0.0000000,81886.2167581,0.0000000,81886.2167581
18,62,0.0000000,83515.7502472,0.0000000,83515.7502472
18,63,0.0000000,78606.3269695,0.0000000,78606.3269695
18,64,0.0000000,73899.0683348,0.0000000,73899.0683348
18,66,0.0000000,75325.4010573,0.0000000,75325.4010573
18,67,0.0000000,70049.8732407,0.0000000,70049.8732407
18,68,0.0000000,62692.7823177,0.0000000,62692.7823177
18,69,0.0000000,63226.4702452,0.0000000,63226.4702452
18,77,0.0000000,21877.8342235,0.0000000,21877.8342235
18,82,,,,
18,83,,,,
18,84,,,,
18,85,,,,
18,86,,,,
18,87,,,,
18,88,,,,
18,89,,,,
18,90,,,,
20,0,,,,
20,17,,,,
20,18,,,,
20,20,,,,
20,21,0.0000000,9980.8382163,0.0000000,9980.8382163
20,23,0.0000000,13155.9562932,0.0000000,13155.9562932
20,24,0.0000000,22339.5355307,0.0000000,22339.5355307
20,25,0.0000000,27236.5061600,0.0000000,27236.5061600
20,29,0.0000000,33420.2522092,0.0000000,33420.2522092
20,30,0.0000000,35550.2389211,0.0000000,35550.2389211
20,31,0.0000000,38697.5008898,0.0000000,38697.5008898
20,32,0.0000000,40273.6638799,0.0000000,40273.6638799
20,33,0.0000000,38992.3596219,0.0000000,38992.3596219
20,35,0.0000000,43030.5352806,0.0000000,43030.5352806
20,36,0.0000000,47609.9345495,0.0000000,47609.9345495
20,38,0.0000000,45826.9399716,39.2041514,45866.1441230
20,39,0.0000000,46356.4850103,0.0000000,46356.4850103
20,40,0.0000000,48911.1575854,0.0000000,48911.1575854
20,48,0.0000000,89088.5008849,0.0000000,89088.5008849
20,52,0.0000000,104572.6716728,0.0000000,104572.6716728
20,53,0.0000000,104138.2594030,0.0000000,104138.2594030
20,54,0.0000000,97653.3851864,0.0000000,97653.3851864
20,57,0.0000000,91812.3135784,0.0000000,91812.3135784
20,58,0.0000000,89877.7952450,0.0000000,89877.7952450
20,60,0.0000000,78739.2143237,0.0000000,78739.2143237
20,61,0.0000000,74588.9057925,0.0000000,74588.9057925
20,62,0.0000000,76218.4392815,0.0000000,76218.4392815
20,63,0.0000000,71309.0160039,0.0000000,71309.0160039
20,64,0.0000000,66601.7573692,0.0000000,66601.7573692
20,66,0.0000000,68028.0900917,0.0000000,68028.0900917
20,67,0.0000000,62752.5622751,0.0000000,62752.5622751
20,68,0.0000000,55395.4713520,0.0000000,55395.4713520
20,69,0.0000000,55929.1592795,0.0000000,55929.1592795
20,77,0.0000000,14580.5232579,0.0000000,14580.5232579
20,82,,,,
20,83,,,,
20,84,,,,
20,85,,,,
20,86,,,,
20,87,,,,
20,88,,,,
20,89,,,,
20,90,,,,
21,0,,,,
21,17,,,,
21,18,,,,
21,20,,,,
21,21,,,,
21,23,0.0000000,5594.7873152,0.0000000,5594.7873152
21,24,0.0000000,14778.3665528,0.0000000,14778.3665528
21,25,0.0000000,19675.3371821,0.0000000,19675.3371821
21,29,0.0000000,25859.0832313,0.0000000,25859.0832313
21,30,0.0000000,27989.0699431,0.0000000,27989.0699431
21,31,0.0000000,31136.3319118,0.0000000,31136.3319118
21,32,0.0000000,32712.4949020,0.0000000,32712.4949020
21,33,0.0000000,31431.1906440,0.0000000,31431.1906440
21,35,0.0000000,35469.3663026,0.0000000,35469.3663026
21,36,0.0000000,40048.7655715,0.0000000,40048.7655715
21,38,0.0000000,38265.7709937,39.2041514,38304.9751450
21,39,0.0000000,38795.3160323,0.0000000,38795.3160323
21,40,0.0000000,41349.9886075,0.0000000,41349.9886075
21,48,0.0000000,81527.3319070,0.0000000,81527.3319070
21,52,0.0000000,97011.5026949,0.0000000,97011.5026949
21,53,0.0000000,96577.0904250,0.0000000,96577.0904250
21,54,0.0000000,90092.2162085,0.0000000,90092.2162085
21,57,0.0000000,84251.1446004,0.0000000,84251.1446004
21,58,0.0000000,82316.6262671,0.0000000,82316.6262671
21,60,0.0000000,71178.0453457,0.0000000,71178.0453457
21,61,0.0000000,67027.7368146,0.0000000,67027.7368146
21,62,0.0000000,68657.2703036,0.0000000,68657.2703036
21,63,0.0000000,63747.8470259,0.0000000,63747.8470259
21,64,0.0000000,59040.5883912,0.0000000,59040.5883912
21,66,0.0000000,60466.9211137,0.0000000,60466.9211137
21,67,0.0000000,55191.3932971,0.0000000,55191.3932971
21,68,0.0000000,47834.3023741,0.0000000,47834.3023741
21,69,0.0000000,48367.9903016,0.0000000,48367.9903016
21,77,0.0000000,7019.3542799,0.0000000,7019.3542799
21,82,,,,
21,83,,,,
21,84,,,,
21,85,,,,
21,86,,,,
21,87,,,,
21,88,,,,
21,89,,,,
21,90,,,,
23,0,,,,
23,17,,,,
23,18,,,,
23,20,,,,
23,21,,,,
23,23,,,,
23,24,0.0000000,12070.3546409,0.0000000,12070.3546409
23,25,0.0000000,16967.3252701,0.0000000,16967.3252701
23,29,0.0000000,23151.0713193,0.0000000,23151.0713193
23,30,0.0000000,25281.0580312,0.0000000,25281.0580312
23,31,0.0000000,28428.3199999,0.0000000,28428.3199999
23,32,0.0000000,30004.4829900,0.0000000,30004.4829900
23,33,0.0000000,28723.1787321,0.0000000,28723.1787321
23,35,0.0000000,32761.3543907,0.0000000,32761.3543907
23,36,0.0000000,37340.7536596,0.0000000,37340.7536596
23,38,0.0000000,35557.7590817,39.2041514,35596.9632331
23,39,0.0000000,36087.3041204,0.0000000,36087.3041204
23,40,0.0000000,38641.9766956,0.0000000,38641.9766956
23,48,0.0000000,78819.3199950,0.0000000,78819.3199950
23,52,0.0000000,94303.4907829,0.0000000,94303.4907829
23,53,0.0000000,93869.0785131,0.0000000,93869.0785131
23,54,0.0000000,87384.2042966,0.0000000,87384.2042966
23,57,0.0000000,81543.1326885,0.0000000,81543.1326885
23,58,0.0000000,79608.6143551,0.0000000,79608.6143551
23,60,0.0000000,68470.0334338,0.0000000,68470.0334338
23,61,0.0000000,64319.7249026,0.0000000,64319.7249026
23,62,0.0000000,65949.2583917,0.0000000,65949.2583917
23,63,0.0000000,61039.8351140,0.0000000,61039.8351140
23,64,0.0000000,56332.5764793,0.0000000,56332.5764793
23,66,0.0000000,57758.9092018,0.0000000,57758.9092018
23,67,0.0000000,52483.3813852,0.0000000,52483.3813852
23,68,0.0000000,45126.2904622,0.0000000,45126.2904622
23,69,0.0000000,45659.9783897,0.0000000,45659.9783897
23,77,0.0000000,4311.3423680,0.0000000,4311.3423680
23,82,,,,
23,83,,,,
23,84,,,,
23,85,,,,
23,86,,,,
23,87,,,,
23,88,,,,
23,89,,,,
23,90,,,,
24,0,,,,
24,17,,,,
24,18,,,,
24,20,,,,
24,21,,,,
24,23,,,,
24,24,,,,
24,25,0.0000000,5325.0564216,0.0000000,5325.0564216
24,29,0.0000000,11508.8024708,0.0000000,11508.8024708
24,30,0.0000000,13638.7891827,0.0000000,13638.7891827
24,31,0.0000000,16786.0511514,0.0000000,16786.0511514
24,32,0.0000000,18362.2141415,0.0000000,18362.2141415
24,33,0.0000000,17080.9098835,0.0000000,17080.9098835
24,35,0.0000000,21119.0855422,0.0000000,21119.0855422
24,36,0.0000000,25698.4848111,0.0000000,25698.4848111
24,38,0.0000000,23915.4902332,39.2041514,23954.6943846
24,39,0.0000000,24445.0352719,0.0000000,24445.0352719
24,40,0.0000000,26999.7078470,0.0000000,26999.7078470
24,48,0.0000000,67177.0511465,0.0000000,67177.0511465
24,52,0.0000000,82661.2219344,0.0000000,82661.2219344
24,53,0.0000000,82226.8096646,0.0000000,82226.8096646
24,54,0.0000000,75741.9354481,0.0000000,75741.9354481
24,57,0.0000000,69900.8638400,0.0000000,69900.8638400
24,58,0.0000000,67966.3455066,0.0000000,67966.3455066
24,60,0.0000000,56827.7645853,0.0000000,56827.7645853
24,61,0.0000000,52677.4560541,0.0000000,52677.4560541
24,62,0.0000000,54306.9895431,0.0000000,54306.9895431
24,63,0.0000000,49397.5662655,0.0000000,49397.5662655
24,64,0.0000000,44690.3076308,0.0000000,44690.3076308
24,66,0.0000000,46116.6403533,0.0000000,46116.6403533
24,67,0.0000000,40841.1125367,0.0000000,40841.1125367
24,68,0.0000000,33484.0216136,0.0000000,33484.0216136
24,69,0.0000000,34017.7095412,0.0000000,34017.7095412
24,77,,,,
24,82,,,,
24,83,,,,
24,84,,,,
24,85,,,,
24,86,,,,
24,87,,,,
24,88,,,,
24,89,,,,
24,90,,,,
25,0,,,,
25,17,,,,
25,18,,,,
25,20,,,,
25,21,,,,
25,23,,,,
25,24,,,,
25,25,,,,
25,29,0.0000000,7257.5902041,0.0000000,7257.5902041
25,30,0.0000000,9387.5769160,0.0000000,9387.5769160
25,31,0.0000000,12534.8388847,0.0000000,12534.8388847
25,32,0.0000000,14111.0018748,0.0000000,14111.0018748
25,33,0.0000000,12829.6976168,0.0000000,12829.6976168
25,35,0.0000000,16867.8732755,0.0000000,16867.8732755
25,36,0.0000000,21447.2725444,0.0000000,21447.2725444
25,38,0.0000000,19664.2779665,39.2041514,19703.4821179
25,39,0.0000000,20193.8230052,0.0000000,20193.8230052
25,40,0.0000000,22748.4955803,0.0000000,22748.4955803
25,48,0.0000000,62925.8388798,0.0000000,62925.8388798
25,52,0.0000000,78410.0096677,0.0000000,78410.0096677
25,53,0.0000000,77975.5973979,0.0000000,77975.5973979
25,54,0.0000000,71490.7231814,0.0000000,71490.7231814
25,57,0.0000000,65649.6515733,0.0000000,65649.6515733
25,58,0.0000000,63715.1332399,0.0000000,63715.1332399
25,60,0.0000000,52576.5523186,0.0000000,52576.5523186
25,61,0.0000000,48426.2437874,0.0000000,48426.2437874
25,62,0.0000000,50055.7772764,0.0000000,50055.7772764
25,63,0.0000000,45146.3539988,0.0000000,45146.3539988
25,64,0.0000000,40439.0953641,0.0000000,40439.0953641
25,66,0.0000000,41865.4280866,0.0000000,41865.4280866
25,67,0.0000000,36589.9002700,0.0000000,36589.9002700
25,68,0.0000000,29232.8093469,0.0000000,29232.8093469
25,69,0.0000000,29766.4972745,0.0000000,29766.4972745
25,77,,,,
25,82,,,,
25,83,,,,
25,84,,,,
25,85,,,,
25,86,,,,
25,87,,,,
25,88,,,,
25,89,,,,
25,90,,,,
29,0,,,,
29,17,,,,
29,18,,,,
29,20,,,,
29,21,,,,
29,23,,,,
29,24,,,,
29,25,,,,
29,29,,,,
29,30,0.0000000,3277.9699315,0.0000000,3277.9699315
29,31,0.0000000,6425.2319002,0.0000000,6425.2319002
29,32,0.0000000,8001.3948904,0.0000000,8001.3948904
29,33,0.0000000,6720.0906324,0.0000000,6720.0906324
29,35,0.0000000,10758.2662911,0.0000000,10758.2662911
29,36,0.0000000,15337.6655599,0.0000000,15337.6655599
29,38,0.0000000,13554.6709821,39.2041514,13593.8751334
29,39,0.0000000,14084.2160207,0.0000000,14084.2160207
29,40,0.0000000,16638.8885959,0.0000000,16638.8885959
29,48,0.0000000,56816.2318954,0.0000000,56816.2318954
29,52,0.0000000,72300.4026833,0.0000000,72300.4026833
29,53,0.0000000,71865.9904134,0.0000000,71865.9904134
29,54,0.0000000,65381.1161969,0.0000000,65381.1161969
29,57,0.0000000,59540.0445888,0.0000000,59540.0445888
29,58,0.0000000,57605.5262555,0.0000000,57605.5262555
29,60,0.0000000,46466.9453342,0.0000000,46466.9453342
29,61,0.0000000,42316.6368030,0.0000000,42316.6368030
29,62,0.0000000,43946.1702920,0.0000000,43946.1702920
29,63,0.0000000,39036.7470143,0.0000000,39036.7470143
29,64,0.0000000,34329.4883797,0.0000000,34329.4883797
29,66,0.0000000,35755.8211021,0.0000000,35755.8211021
29,67,0.0000000,30480.2932855,0.0000000,30480.2932855
29,68,0.0000000,23123.2023625,0.0000000,23123.2023625
29,69,0.0000000,23656.8902900,0.0000000,23656.8902900
29,77,,,,
29,82,,,,
29,83,,,,
29,84,,,,
29,85,,,,
29,86,,,,
29,87,,,,
29,88,,,,
29,89,,,,
29,90,,,,
30,0,,,,
30,17,,,,
30,18,,,,
30,20,,,,
30,21,,,,
30,23,,,,
30,24,,,,
30,25,,,,
30,29,,,,
30,30,,,,
30,31,0.0000000,5247.4453805,0.0000000,5247.4453805
30,32,0.0000000,6823.6083706,0.0000000,6823.6083706
30,33,0.0000000,5542.3041126,0.0000000,5542.3041126
30,35,0.0000000,9580.4797713,0.0000000,9580.4797713
30,36,0.0000000,14159.8790402,0.0000000,14159.8790402
30,38,0.0000000,12376.8844623,39.2041514,12416.0886137
30,39,0.0000000,12906.4295010,0.0000000,12906.4295010
30,40,0.0000000,15461.1020761,0.0000000,15461.1020761
30,48,0.0000000,55638.4453756,0.0000000,55638.4453756
30,52,0.0000000,71122.6161635,0.0000000,71122.6161635
30,53,0.0000000,70688.2038937,0.0000000,70688.2038937
30,54,0.0000000,64203.3296772,0.0000000,64203.3296772
30,57,0.0000000,58362.2580691,0.0000000,58362.2580691
30,58,0.0000000,56427.7397357,0.0000000,56427.7397357
30,60,0.0000000,45289.1588144,0.0000000,45289.1588144
30,61,0.0000000,41138.8502832,0.0000000,41138.8502832
30,62,0.0000000,42768.3837722,0.0000000,42768.3837722
30,63,0.0000000,37858.9604946,0.0000000,37858.9604946
30,64,0.0000000,33151.7018599,0.0000000,33151.7018599
30,66,0.0000000,34578.0345824,0.0000000,34578.0345824
30,67,0.0000000,29302.5067658,0.0000000,29302.5067658
30,68,0.0000000,21945.4158427,0.0000000,21945.4158427
30,69,0.0000000,22479.1037703,0.0000000,22479.1037703
30,77,,,,
30,82,,,,
30,83,,,,
30,84,,,,
30,85,,,,
30,86,,,,
30,87,,,,
30,88,,,,
30,89,,,,
30,90,,,,
31,0,,,,
31,17,,,,
31,18,,,,
31,20,,,,
31,21,,,,
31,23,,,,
31,24,,,,
31,25,,,,
31,29,,,,
31,30,,,,
31,31,,,,
31,32,0.0000000,2104.6109871,0.0000000,2104.6109871
31,33,0.0000000,2481.6582130,0.0000000,2481.6582130
31,35,0.0000000,6519.8338717,0.0000000,6519.8338717
31,36,0.0000000,11099.2331405,0.0000000,11099.2331405
31,38,0.0000000,9316.2385627,39.2041514,9355.4427140
31,39,0.0000000,9845.7836013,0.0000000,9845.7836013
31,40,0.0000000,12400.4561765,0.0000000,12400.4561765
31,48,0.0000000,52577.7994760,0.0000000,52577.7994760
31,52,0.0000000,68061.9702639,0.0000000,68061.9702639
31,53,0.0000000,67627.5579940,0.0000000,67627.5579940
31,54,0.0000000,61142.6837775,0.0000000,61142.6837775
31,57,0.0000000,55301.6121694,0.0000000,55301.6121694
31,58,0.0000000,53367.0938361,0.0000000,53367.0938361
31,60,0.0000000,42228.5129148,0.0000000,42228.5129148
31,61,0.0000000,38078.2043836,0.0000000,38078.2043836
31,62,0.0000000,39707.7378726,0.0000000,39707.7378726
31,63,0.0000000,34798.3145949,0.0000000,34798.3145949
31,64,0.0000000,30091.0559602,0.0000000,30091.0559602
31,66,0.0000000,31517.3886827,0.0000000,31517.3886827
31,67,0.0000000,26241.8608661,0.0000000,26241.8608661
31,68,0.0000000,18884.7699431,0.0000000,18884.7699431
31,69,0.0000000,19418.4578706,0.0000000,19418.4578706
31,77,,,,
31,82,,,,
31,83,,,,
31,84,,,,
31,85,,,,
31,86,,,,
31,87,,,,
31,88,,,,
31,89,,,,
31,90,,,,
32,0,,,,
32,17,,,,
32,18,,,,
32,20,,,,
32,21,,,,
32,23,,,,
32,24,,,,
32,25,,,,
32,29,,,,
32,30,,,,
32,31,0.0000000,2104.6109871,0.0000000,2104.6109871
32,32,,,,
32,33,0.0000000,4057.8212032,0.0000000,4057.8212032
32,35,0.0000000,8095.9968618,0.0000000,8095.9968618
32,36,0.0000000,12675.3961307,0.0000000,12675.3961307
32,38,0.0000000,10892.4015528,39.2041514,10931.6057042
32,39,0.0000000,11421.9465915,0.0000000,11421.9465915
32,40,0.0000000,13976.6191667,0.0000000,13976.6191667
32,48,0.0000000,54153.9624661,0.0000000,54153.9624661
32,52,0.0000000,69638.1332540,0.0000000,69638.1332540
32,53,0.0000000,69203.7209842,0.0000000,69203.7209842
32,54,0.0000000,62718.8467677,0.0000000,62718.8467677
32,57,0.0000000,56877.7751596,0.0000000,56877.7751596
32,58,0.0000000,54943.2568262,0.0000000,54943.2568262
32,60,0.0000000,43804.6759049,0.0000000,43804.6759049
32,61,0.0000000,39654.3673737,0.0000000,39654.3673737
32,62,0.0000000,41283.9008628,0.0000000,41283.9008628
32,63,0.0000000,36374.4775851,0.0000000,36374.4775851
32,64,0.0000000,31667.2189504,0.0000000,31667.2189504
32,66,0.0000000,33093.5516729,0.0000000,33093.5516729
32,67,0.0000000,27818.0238563,0.0000000,27818.0238563
32,68,0.0000000,20460.9329333,0.0000000,20460.9329333
32,69,0.0000000,20994.6208608,0.0000000,20994.6208608
32,77,,,,
32,82,,,,
32,83,,,,
32,84,,,,
32,85,,,,
32,86,,,,
32,87,,,,
32,88,,,,
32,89,,,,
32,90,,,,
33,0,,,,
33,17,,,,
33,18,,,,
33,20,,,,
33,21,,,,
33,23,,,,
33,24,,,,
33,25,,,,
33,29,,,,
33,30,,,,
33,31,,,,
33,32,,,,
33,33,,,,
33,35,0.0000000,4286.9675204,0.0000000,4286.9675204
33,36,0.0000000,8866.3667893,0.0000000,8866.3667893
33,38,0.0000000,7083.3722114,39.2041514,7122.5763628
33,39,0.0000000,7612.9172501,0.0000000,7612.9172501
33,40,0.0000000,10167.5898252,0.0000000,10167.5898252
33,48,0.0000000,50344.9331247,0.0000000,50344.9331247
33,52,0.0000000,65829.1039126,0.0000000,65829.1039126
33,53,0.0000000,65394.6916428,0.0000000,65394.6916428
33,54,0.0000000,58909.8174263,0.0000000,58909.8174263
33,57,0.0000000,53068.7458182,0.0000000,53068.7458182
33,58,0.0000000,51134.2274848,0.0000000,51134.2274848
33,60,0.0000000,39995.6465635,0.0000000,39995.6465635
33,61,0.0000000,35845.3380323,0.0000000,35845.3380323
33,62,0.0000000,37474.8715213,0.0000000,37474.8715213
33,63,0.0000000,32565.4482437,0.0000000,32565.4482437
33,64,0.0000000,27858.1896090,0.0000000,27858.1896090
33,66,0.0000000,29284.5223315,0.0000000,29284.5223315
33,67,0.0000000,24008.9945149,0.0000000,24008.9945149
33,68,0.0000000,16651.9035918,0.0000000,16651.9035918
33,69,0.0000000,17185.5915194,0.0000000,17185.5915194
33,77,,,,
33,82,,,,
33,83,,,,
33,84,,,,
33,85,,,,
33,86,,,,
33,87,,,,
33,88,,,,
33,89,,,,
33,90,,,,
35,0,,,,
35,17,,,,
35,18,,,,
35,20,,,,
35,21,,,,
35,23,,,,
35,24,,,,
35,25,,,,
35,29,,,,
35,30,,,,
35,31,,,,
35,32,,,,
35,33,,,,
35,35,,,,
35,36,0.0000000,8860.2311879,0.0000000,8860.2311879
35,38,0.0000000,7077.2366100,39.2041514,7116.4407614
35,39,0.0000000,7606.7816487,0.0000000,7606.7816487
35,40,0.0000000,10161.4542239,0.0000000,10161.4542239
35,48,0.0000000,50338.7975233,0.0000000,50338.7975233
35,52,0.0000000,65822.9683112,0.0000000,65822.9683112
35,53,0.0000000,65388.5560414,0.0000000,65388.5560414
35,54,0.0000000,58903.6818249,0.0000000,58903.6818249
35,57,0.0000000,53062.6102168,0.0000000,53062.6102168
35,58,0.0000000,51128.0918834,0.0000000,51128.0918834
35,60,0.0000000,39989.5109621,0.0000000,39989.5109621
35,61,0.0000000,35839.2024309,0.0000000,35839.2024309
35,62,0.0000000,37468.7359200,0.0000000,37468.7359200
35,63,0.0000000,32559.3126423,0.0000000,32559.3126423
35,64,0.0000000,27852.0540076,0.0000000,27852.0540076
35,66,0.0000000,29278.3867301,0.0000000,29278.3867301
35,67,0.0000000,24002.8589135,0.0000000,24002.8589135
35,68,0.0000000,16645.7679905,0.0000000,16645.7679905
35,69,0.0000000,17179.4559180,0.0000000,17179.4559180
35,77,,,,
35,82,,,,
35,83,,,,
35,84,,,,
35,85,,,,
35,86,,,,
35,87,,,,
35,88,,,,
35,89,,,,
35,90,,,,
36,0,,,,
36,17,,,,
36,18,,,,
36,20,,,,
36,21,,,,
36,23,,,,
36,24,,,,
36,25,,,,
36,29,,,,
36,30,,,,
36,31,,,,
36,32,,,,
36,33,,,,
36,35,,,,
36,36,,,,
36,38,0.0000000,1782.9945779,39.2041514,1822.1987292
36,39,0.0000000,3339.2101218,0.0000000,3339.2101218
36,40,0.0000000,5893.8826970,0.0000000,5893.8826970
36,48,0.0000000,46071.2259965,0.0000000,46071.2259965
36,52,0.0000000,61555.3967844,0.0000000,61555.3967844
36,53,0.0000000,61120.9845145,0.0000000,61120.9845145
36,54,0.0000000,54636.1102980,0.0000000,54636.1102980
36,57,0.0000000,48795.0386899,0.0000000,48795.0386899
36,58,0.0000000,46860.5203566,0.0000000,46860.5203566
36,60,0.0000000,35721.9394353,0.0000000,35721.9394353
36,61,0.0000000,31571.6309041,0.0000000,31571.6309041
36,62,0.0000000,33201.1643931,0.0000000,33201.1643931
36,63,0.0000000,28291.7411154,0.0000000,28291.7411154
36,64,0.0000000,23584.4824807,0.0000000,23584.4824807
36,66,0.0000000,25010.8152032,0.0000000,25010.8152032
36,67,0.0000000,19735.2873866,0.0000000,19735.2873866
36,68,0.0000000,12378.1964636,0.0000000,12378.1964636
36,69,0.0000000,12911.8843911,0.0000000,12911.8843911
36,77,,,,
36,82,,,,
36,83,,,,
36,84,,,,
36,85,,,,
36,86,,,,
36,87,,,,
36,88,,,,
36,89,,,,
36,90,,,,
38,0,,,,
38,17,,,,
38,18,,,,
38,20,,,,
38,21,,,,
38,23,,,,
38,24,,,,
38,25,,,,
38,29,,,,
38,30,,,,
38,31,,,,
38,32,,,,
38,33,,,,
38,35,,,,
38,36,39.2041514,1782.9945779,0.0000000,1822.1987292
38,38,,,,
38,39,39.2041514,1556.2155440,0.0000000,1595.4196953
38,40,39.2041514,4110.8881191,0.0000000,4150.0922705
38,48,39.2041514,44288.2314186,0.0000000,44327.4355700
38,52,39.2041514,59772.4022065,0.0000000,59811.6063579
38,53,39.2041514,59337.9899367,0.0000000,59377.1940880
38,54,39.2041514,52853.1157201,0.0000000,52892.3198715
38,57,39.2041514,47012.0441121,0.0000000,47051.2482634
38,58,39.2041514,45077.5257787,0.0000000,45116.7299301
38,60,39.2041514,33938.9448574,0.0000000,33978.1490088
38,61,39.2041514,29788.6363262,0.0000000,29827.8404776
38,62,39.2041514,31418.1698152,0.0000000,31457.3739666
38,63,39.2041514,26508.7465375,0.0000000,26547.9506889
38,64,39.2041514,21801.4879029,0.0000000,21840.6920542
38,66,39.2041514,23227.8206253,0.0000000,23267.0247767
38,67,39.2041514,17952.2928088,0.0000000,17991.4969601
38,68,39.2041514,10595.2018857,0.0000000,10634.4060371
38,69,39.2041514,11128.8898132,0.0000000,11168.0939646
38,77,,,,
38,82,,,,
38,83,,,,
38,84,,,,
38,85,,,,
38,86,,,,
38,87,,,,
38,88,,,,
38,89,,,,
38,90,,,,
39,0,,,,
39,17,,,,
39,18,,,,
39,20,,,,
39,21,,,,
39,23,,,,
39,24,,,,
39,25,,,,
39,29,,,,
39,30,,,,
39,31,,,,
39,32,,,,
39,33,,,,
39,35,,,,
39,36,,,,
39,38,,,,
39,39,,,,
39,40,0.0000000,3119.3058819,0.0000000,3119.3058819
39,48,0.0000000,43296.6491814,0.0000000,43296.6491814
39,52,0.0000000,58780.8199693,0.0000000,58780.8199693
39,53,0.0000000,58346.4076994,0.0000000,58346.4076994
39,54,0.0000000,51861.5334829,0.0000000,51861.5334829
39,57,0.0000000,46020.4618748,0.0000000,46020.4618748
39,58,0.0000000,44085.9435415,0.0000000,44085.9435415
39,60,0.0000000,32947.3626202,0.0000000,32947.3626202
39,61,0.0000000,28797.0540890,0.0000000,28797.0540890
39,62,0.0000000,30426.5875780,0.0000000,30426.5875780
39,63,0.0000000,25517.1643003,0.0000000,25517.1643003
39,64,0.0000000,20809.9056656,0.0000000,20809.9056656
39,66,0.0000000,22236.2383881,0.0000000,22236.2383881
39,67,0.0000000,16960.7105715,0.0000000,16960.7105715
39,68,0.0000000,9603.6196485,0.0000000,9603.6196485
39,69,0.0000000,10137.3075760,0.0000000,10137.3075760
39,77,,,,
39,82,,,,
39,83,,,,
39,84,,,,
39,85,,,,
39,86,,,,
39,87,,,,
39,88,,,,
39,89,,,,
39,90,,,,
40,0,,,,
40,17,,,,
40,18,,,,
40,20,,,,
40,21,,,,
40,23,,,,
40,24,,,,
40,25,,,,
40,29,,,,
40,30,,,,
40,31,,,,
40,32,,,,
40,33,,,,
40,35,,,,
40,36,,,,
40,38,,,,
40,39,,,,
40,40,,,,
40,48,0.0000000,42028.5914690,0.0000000,42028.5914690
40,52,0.0000000,57512.7622569,0.0000000,57512.7622569
40,53,0.0000000,57078.3499870,0.0000000,57078.3499870
40,54,0.0000000,50593.4757705,0.0000000,50593.4757705
40,57,0.0000000,44752.4041624,0.0000000,44752.4041624
40,58,0.0000000,42817.8858291,0.0000000,42817.8858291
40,60,0.0000000,31679.3049078,0.0000000,31679.3049078
40,61,0.0000000,27528.9963766,0.0000000,27528.9963766
40,62,0.0000000,29158.5298656,0.0000000,29158.5298656
40,63,0.0000000,24249.1065879,0.0000000,24249.1065879
40,64,0.0000000,19541.8479533,0.0000000,19541.8479533
40,66,0.0000000,20968.1806757,0.0000000,20968.1806757
40,67,0.0000000,15692.6528591,0.0000000,15692.6528591
40,68,0.0000000,8335.5619361,0.0000000,8335.5619361
40,69,0.0000000,8869.2498636,0.0000000,8869.2498636
40,77,,,,
40,82,,,,
40,83,,,,
40,84,,,,
40,85,,,,
40,86,,,,
40,87,,,,
40,88,,,,
40,89,,,,
40,90,,,,
48,0,,,,
48,17,,,,
48,18,,,,
48,20,,,,
48,21,,,,
48,23,,,,
48,24,,,,
48,25,,,,
48,29,,,,
48,30,,,,
48,31,,,,
48,32,,,,
48,33,,,,
48,35,,,,
48,36,,,,
48,38,,,,
48,39,,,,
48,40,,,,
48,48,,,,
48,52,0.0000000,17523.5663423,0.0000000,17523.5663423
48,53,0.0000000,17089.1540724,0.0000000,17089.1540724
48,54,0.0000000,10604.2798559,0.0000000,10604.2798559
48,57,0.0000000,4763.2082478,0.0000000,4763.2082478
48,58,0.0000000,2828.6899145,0.0000000,2828.6899145
48,60,,,,
48,61,,,,
48,62,,,,
48,63,,,,
48,64,,,,
48,66,,,,
48,67,,,,
48,68,,,,
48,69,,,,
48,77,,,,
48,82,,,,
48,83,,,,
48,84,,,,
48,85,,,,
48,86,,,,
48,87,,,,
48,88,,,,
48,89,,,,
48,90,,,,
52,0,,,,
52,17,,,,
52,18,,,,
52,20,,,,
52,21,,,,
52,23,,,,
52,24,,,,
52,25,,,,
52,29,,,,
52,30,,,,
52,31,,,,
52,32,,,,
52,33,,,,
52,35,,,,
52,36,,,,
52,38,,,,
52,39,,,,
52,40,,,,
52,41,,,,
52,48,,,,
52,52,,,,
52,53,0.0000000,1916.6562968,0.0000000,1916.6562968
52,54,,,,
52,57,,,,
52,58,,,,
52,60,,,,
52,61,,,,
52,62,,,,
52,63,,,,
52,64,,,,
52,66,,,,
52,67,,,,
52,68,,,,
52,69,,,,
52,77,,,,
52,82,,,,
52,83,,,,
52,84,,,,
52,85,,,,
52,86,,,,
52,87,,,,
52,88,,,,
52,89,,,,
52,90,,,,
53,0,,,,
53,17,,,,
53,18,,,,
53,20,,,,
53,21,,,,
53,23,,,,
53,24,,,,
53,25,,,,
53,29,,,,
53,30,,,,
53,31,,,,
53,32,,,,
53,33,,,,
53,35,,,,
53,36,,,,
53,38,,,,
53,39,,,,
53,40,,,,
53,41,,,,
53,48,,,,
53,52,,,,
53,53,,,,
53,54,,,,
53,57,,,,
53,58,,,,
53,60,,,,
53,61,,,,
53,62,,,,
53,63,,,,
53,64,,,,
53,66,,,,
53,67,,,,
53,68,,,,
53,69,,,,
53,77,,,,
53,82,,,,
53,83,,,,
53,84,,,,
53,85,,,,
53,86,,,,
53,87,,,,
53,88,,,,
53,89,,,,
53,90,,,,
54,0,,,,
54,17,,,,
54,18,,,,
54,20,,,,
54,21,,,,
54,23,,,,
54,24,,,,
54,25,,,,
54,29,,,,
54,30,,,,
54,31,,,,
54,32,,,,
54,33,,,,
54,35,,,,
54,36,,,,
54,38,,,,
54,39,,,,
54,40,,,,
54,48,,,,
54,52,0.0000000,8077.4382621,0.0000000,8077.4382621
54,53,0.0000000,7643.0259922,0.0000000,7643.0259922
54,54,,,,
54,57,,,,
54,58,,,,
54,60,,,,
54,61,,,,
54,62,,,,
54,63,,,,
54,64,,,,
54,66,,,,
54,67,,,,
54,68,,,,
54,69,,,,
54,77,,,,
54,82,,,,
54,83,,,,
54,84,,,,
54,85,,,,
54,86,,,,
54,87,,,,
54,88,,,,
54,89,,,,
54,90,,,,
57,0,,,,
57,17,,,,
57,18,,,,
57,20,,,,
57,21,,,,
57,23,,,,
57,24,,,,
57,25,,,,
57,29,,,,
57,30,,,,
57,31,,,,
57,32,,,,
57,33,,,,
57,35,,,,
57,36,,,,
57,38,,,,
57,39,,,,
57,40,,,,
57,48,,,,
57,52,0.0000000,14149.2395944,0.0000000,14149.2395944
57,53,0.0000000,13714.8273246,0.0000000,13714.8273246
57,54,0.0000000,7229.9531080,0.0000000,7229.9531080
57,57,,,,
57,58,,,,
57,60,,,,
57,61,,,,
57,62,,,,
57,63,,,,
57,64,,,,
57,66,,,,
57,67,,,,
57,68,,,,
57,69,,,,
57,77,,,,
57,82,,,,
57,83,,,,
57,84,,,,
57,85,,,,
57,86,,,,
57,87,,,,
57,88,,,,
57,89,,,,
57,90,,,,
58,0,,,,
58,17,,,,
58,18,,,,
58,20,,,,
58,21,,,,
58,23,,,,
58,24,,,,
58,25,,,,
58,29,,,,
58,30,,,,
58,31,,,,
58,32,,,,
58,33,,,,
58,35,,,,
58,36,,,,
58,38,,,,
58,39,,,,
58,40,,,,
58,48,,,,
58,52,0.0000000,15984.4777895,0.0000000,15984.4777895
58,53,0.0000000,15550.0655196,0.0000000,15550.0655196
58,54,0.0000000,9065.1913031,0.0000000,9065.1913031
58,57,0.0000000,3224.1196950,0.0000000,3224.1196950
58,58,,,,
58,60,,,,
58,61,,,,
58,62,,,,
58,63,,,,
58,64,,,,
58,66,,,,
58,67,,,,
58,68,,,,
58,69,,,,
58,77,,,,
58,82,,,,
58,83,,,,
58,84,,,,
58,85,,,,
58,86,,,,
58,87,,,,
58,88,,,,
58,89,,,,
58,90,,,,
60,0,,,,
60,17,,,,
60,18,,,,
60,20,,,,
60,21,,,,
60,23,,,,
60,24,,,,
60,25,,,,
60,29,,,,
60,30,,,,
60,31,,,,
60,32,,,,
60,33,,,,
60,35,,,,
60,36,,,,
60,38,,,,
60,39,,,,
60,40,,,,
60,48,0.0000000,10917.3942873,0.0000000,10917.3942873
60,52,0.0000000,26401.5650752,0.0000000,26401.5650752
60,53,0.0000000,25967.1528053,0.0000000,25967.1528053
60,54,0.0000000,19482.2785888,0.0000000,19482.2785888
60,57,0.0000000,13641.2069807,0.0000000,13641.2069807
60,58,0.0000000,11706.6886474,0.0000000,11706.6886474
60,60,,,,
60,61,,,,
60,62,,,,
60,63,,,,
60,64,,,,
60,66,,,,
60,67,,,,
60,68,,,,
60,69,,,,
60,77,,,,
60,82,,,,
60,83,,,,
60,84,,,,
60,85,,,,
60,86,,,,
60,87,,,,
60,88,,,,
60,89,,,,
60,90,,,,
61,0,,,,
61,17,,,,
61,18,,,,
61,20,,,,
61,21,,,,
61,23,,,,
61,24,,,,
61,25,,,,
61,29,,,,
61,30,,,,
61,31,,,,
61,32,,,,
61,33,,,,
61,35,,,,
61,36,,,,
61,38,,,,
61,39,,,,
61,40,,,,
61,48,0.0000000,16730.6410316,0.0000000,16730.6410316
61,52,0.0000000,32214.8118195,0.0000000,32214.8118195
61,53,0.0000000,31780.3995496,0.0000000,31780.3995496
61,54,0.0000000,25295.5253331,0.0000000,25295.5253331
61,57,0.0000000,19454.4537250,0.0000000,19454.4537250
61,58,0.0000000,17519.9353917,0.0000000,17519.9353917
61,60,0.0000000,6381.3544704,0.0000000,6381.3544704
61,61,,,,
61,62,0.0000000,1629.5334890,0.0000000,1629.5334890
61,63,,,,
61,64,,,,
61,66,,,,
61,67,,,,
61,68,,,,
61,69,,,,
61,77,,,,
61,82,,,,
61,83,,,,
61,84,,,,
61,85,,,,
61,86,,,,
61,87,,,,
61,88,,,,
61,89,,,,
61,90,,,,
62,0,,,,
62,17,,,,
62,18,,,,
62,20,,,,
62,21,,,,
62,23,,,,
62,24,,,,
62,25,,,,
62,29,,,,
62,30,,,,
62,31,,,,
62,32,,,,
62,33,,,,
62,35,,,,
62,36,,,,
62,38,,,,
62,39,,,,
62,48,0.0000000,18360.1745206,0.0000000,18360.1745206
62,52,0.0000000,33844.3453085,0.0000000,33844.3453085
62,53,0.0000000,33409.9330387,0.0000000,33409.9330387
62,54,0.0000000,26925.0588221,0.0000000,26925.0588221
62,57,0.0000000,21083.9872141,0.0000000,21083.9872141
62,58,0.0000000,19149.4688807,0.0000000,19149.4688807
62,60,0.0000000,8010.8879594,0.0000000,8010.8879594
62,61,0.0000000,1629.5334890,0.0000000,1629.5334890
62,62,,,,
62,63,,,,
62,64,,,,
62,66,,,,
62,67,,,,
62,68,,,,
62,69,,,,
62,77,,,,
62,82,,,,
62,83,,,,
62,84,,,,
62,85,,,,
62,86,,,,
62,87,,,,
62,88,,,,
62,89,,,,
62,90,,,,
63,0,,,,
63,17,,,,
63,18,,,,
63,20,,,,
63,21,,,,
63,23,,,,
63,24,,,,
63,25,,,,
63,29,,,,
63,30,,,,
63,31,,,,
63,32,,,,
63,33,,,,
63,35,,,,
63,36,,,,
63,38,,,,
63,39,,,,
63,40,,,,
63,48,0.0000000,18991.3196484,0.0000000,18991.3196484
63,52,0.0000000,34475.4904363,0.0000000,34475.4904363
63,53,0.0000000,34041.0781665,0.0000000,34041.0781665
63,54,0.0000000,27556.2039500,0.0000000,27556.2039500
63,57,0.0000000,21715.1323419,0.0000000,21715.1323419
63,58,0.0000000,19780.6140085,0.0000000,19780.6140085
63,60,0.0000000,8642.0330872,0.0000000,8642.0330872
63,61,0.0000000,4491.7245560,0.0000000,4491.7245560
63,62,0.0000000,6121.2580451,0.0000000,6121.2580451
63,63,,,,
63,64,,,,
63,66,,,,
63,67,,,,
63,68,,,,
63,69,,,,
63,77,,,,
63,82,,,,
63,83,,,,
63,84,,,,
63,85,,,,
63,86,,,,
63,87,,,,
63,88,,,,
63,89,,,,
63,90,,,,
64,0,,,,
64,17,,,,
64,18,,,,
64,20,,,,
64,21,,,,
64,23,,,,
64,24,,,,
64,25,,,,
64,29,,,,
64,30,,,,
64,31,,,,
64,32,,,,
64,33,,,,
64,35,,,,
64,36,,,,
64,38,,,,
64,39,,,,
64,40,,,,
64,48,0.0000000,24482.0151316,0.0000000,24482.0151316
64,52,0.0000000,39966.1859195,0.0000000,39966.1859195
64,53,0.0000000,39531.7736496,0.0000000,39531.7736496
64,54,0.0000000,33046.8994331,0.0000000,33046.8994331
64,57,0.0000000,27205.8278250,0.0000000,27205.8278250
64,58,0.0000000,25271.3094916,0.0000000,25271.3094916
64,60,0.0000000,14132.7285703,0.0000000,14132.7285703
64,61,0.0000000,9982.4200391,0.0000000,9982.4200391
64,62,0.0000000,11611.9535282,0.0000000,11611.9535282
64,63,0.0000000,6702.5302505,0.0000000,6702.5302505
64,64,,,,
64,66,0.0000000,1868.4887162,0.0000000,1868.4887162
64,67,,,,
64,68,,,,
64,69,,,,
64,77,,,,
64,82,,,,
64,83,,,,
64,84,,,,
64,85,,,,
64,86,,,,
64,87,,,,
64,88,,,,
64,89,,,,
64,90,,,,
66,0,,,,
66,17,,,,
66,18,,,,
66,20,,,,
66,21,,,,
66,23,,,,
66,24,,,,
66,25,,,,
66,29,,,,
66,30,,,,
66,31,,,,
66,32,,,,
66,33,,,,
66,35,,,,
66,36,,,,
66,38,,,,
66,39,,,,
66,40,,,,
66,48,0.0000000,25908.3478540,0.0000000,25908.3478540
66,52,0.0000000,41392.5186419,0.0000000,41392.5186419
66,53,0.0000000,40958.1063721,0.0000000,40958.1063721
66,54,0.0000000,34473.2321556,0.0000000,34473.2321556
66,57,0.0000000,28632.1605475,0.0000000,28632.1605475
66,58,0.0000000,26697.6422141,0.0000000,26697.6422141
66,60,0.0000000,15559.0612928,0.0000000,15559.0612928
66,61,0.0000000,11408.7527616,0.0000000,11408.7527616
66,62,0.0000000,13038.2862506,0.0000000,13038.2862506
66,63,0.0000000,8128.8629730,0.0000000,8128.8629730
66,64,0.0000000,1868.4887162,0.0000000,1868.4887162
66,66,,,,
66,67,,,,
66,68,,,,
66,69,,,,
66,77,,,,
66,82,,,,
66,83,,,,
66,84,,,,
66,85,,,,
66,86,,,,
66,87,,,,
66,88,,,,
66,89,,,,
66,90,,,,
67,0,,,,
67,17,,,,
67,18,,,,
67,20,,,,
67,21,,,,
67,23,,,,
67,24,,,,
67,25,,,,
67,29,,,,
67,30,,,,
67,31,,,,
67,32,,,,
67,33,,,,
67,35,,,,
67,36,,,,
67,38,,,,
67,39,,,,
67,40,,,,
67,48,0.0000000,28491.1284184,0.0000000,28491.1284184
67,52,0.0000000,43975.2992063,0.0000000,43975.2992063
67,53,0.0000000,43540.8869364,0.0000000,43540.8869364
67,54,0.0000000,37056.0127199,0.0000000,37056.0127199
67,57,0.0000000,31214.9411118,0.0000000,31214.9411118
67,58,0.0000000,29280.4227785,0.0000000,29280.4227785
67,60,0.0000000,18141.8418572,0.0000000,18141.8418572
67,61,0.0000000,13991.5333260,0.0000000,13991.5333260
67,62,0.0000000,15621.0668150,0.0000000,15621.0668150
67,63,0.0000000,10711.6435373,0.0000000,10711.6435373
67,64,0.0000000,6004.3849026,0.0000000,6004.3849026
67,66,0.0000000,7430.7176251,0.0000000,7430.7176251
67,67,,,,
67,68,,,,
67,69,,,,
67,77,,,,
67,82,,,,
67,83,,,,
67,84,,,,
67,85,,,,
67,86,,,,
67,87,,,,
67,88,,,,
67,89,,,,
67,90,,,,
68,0,,,,
68,17,,,,
68,18,,,,
68,20,,,,
68,21,,,,
68,23,,,,
68,24,,,,
68,25,,,,
68,29,,,,
68,30,,,,
68,31,,,,
68,32,,,,
68,33,,,,
68,35,,,,
68,36,,,,
68,38,,,,
68,39,,,,
68,40,,,,
68,48,0.0000000,34364.4849529,0.0000000,34364.4849529
68,52,0.0000000,49848.6557408,0.0000000,49848.6557408
68,53,0.0000000,49414.2434709,0.0000000,49414.2434709
68,54,0.0000000,42929.3692544,0.0000000,42929.3692544
68,57,0.0000000,37088.2976463,0.0000000,37088.2976463
68,58,0.0000000,35153.7793130,0.0000000,35153.7793130
68,60,0.0000000,24015.1983917,0.0000000,24015.1983917
68,61,0.0000000,19864.8898605,0.0000000,19864.8898605
68,62,0.0000000,21494.4233495,0.0000000,21494.4233495
68,63,0.0000000,16585.0000718,0.0000000,16585.0000718
68,64,0.0000000,11877.7414371,0.0000000,11877.7414371
68,66,0.0000000,13304.0741596,0.0000000,13304.0741596
68,67,0.0000000,8028.5463430,0.0000000,8028.5463430
68,68,,,,
68,69,,,,
68,77,,,,
68,82,,,,
68,83,,,,
68,84,,,,
68,85,,,,
68,86,,,,
68,87,,,,
68,88,,,,
68,89,,,,
68,90,,,,
69,0,,,,
69,17,,,,
69,18,,,,
69,20,,,,
69,21,,,,
69,23,,,,
69,24,,,,
69,25,,,,
69,29,,,,
69,30,,,,
69,31,,,,
69,32,,,,
69,33,,,,
69,35,,,,
69,36,,,,
69,38,,,,
69,39,,,,
69,40,,,,
69,48,0.0000000,37787.5886711,0.0000000,37787.5886711
69,52,0.0000000,53271.7594590,0.0000000,53271.7594590
69,53,0.0000000,52837.3471892,0.0000000,52837.3471892
69,54,0.0000000,46352.4729727,0.0000000,46352.4729727
69,57,0.0000000,40511.4013646,0.0000000,40511.4013646
69,58,0.0000000,38576.8830312,0.0000000,38576.8830312
69,60,0.0000000,27438.3021099,0.0000000,27438.3021099
69,61,0.0000000,23287.9935787,0.0000000,23287.9935787
69,62,0.0000000,24917.5270678,0.0000000,24917.5270678
69,63,0.0000000,20008.1037901,0.0000000,20008.1037901
69,64,0.0000000,15300.8451554,0.0000000,15300.8451554
69,66,0.0000000,16727.1778779,0.0000000,16727.1778779
69,67,0.0000000,11451.6500613,0.0000000,11451.6500613
69,68,0.0000000,4094.5591383,0.0000000,4094.5591383
69,69,,,,
69,77,,,,
69,82,,,,
69,83,,,,
69,84,,,,
69,85,,,,
69,86,,,,
69,87,,,,
69,88,,,,
69,89,,,,
69,90,,,,
77,0,,,,
77,17,,,,
77,18,,,,
77,20,,,,
77,21,,,,
77,23,,,,
77,24,0.0000000,8019.7497617,0.0000000,8019.7497617
77,25,0.0000000,12916.7203909,0.0000000,12916.7203909
77,29,0.0000000,19100.4664402,0.0000000,19100.4664402
77,30,0.0000000,21230.4531520,0.0000000,21230.4531520
77,31,0.0000000,24377.7151207,0.0000000,24377.7151207
77,32,0.0000000,25953.8781108,0.0000000,25953.8781108
77,33,0.0000000,24672.5738529,0.0000000,24672.5738529
77,35,0.0000000,28710.7495115,0.0000000,28710.7495115
77,36,0.0000000,33290.1487804,0.0000000,33290.1487804
77,38,0.0000000,31507.1542025,39.2041514,31546.3583539
77,39,0.0000000,32036.6992412,0.0000000,32036.6992412
77,40,0.0000000,34591.3718164,0.0000000,34591.3718164
77,48,0.0000000,74768.7151158,0.0000000,74768.7151158
77,52,0.0000000,90252.8859037,0.0000000,90252.8859037
77,53,0.0000000,89818.4736339,0.0000000,89818.4736339
77,54,0.0000000,83333.5994174,0.0000000,83333.5994174
77,57,0.0000000,77492.5278093,0.0000000,77492.5278093
77,58,0.0000000,75558.0094759,0.0000000,75558.0094759
77,60,0.0000000,64419.4285546,0.0000000,64419.4285546
77,61,0.0000000,60269.1200234,0.0000000,60269.1200234
77,62,0.0000000,61898.6535125,0.0000000,61898.6535125
77,63,0.0000000,56989.2302348,0.0000000,56989.2302348
77,64,0.0000000,52281.9716001,0.0000000,52281.9716001
77,66,0.0000000,53708.3043226,0.0000000,53708.3043226
77,67,0.0000000,48432.7765060,0.0000000,48432.7765060
77,68,0.0000000,41075.6855830,0.0000000,41075.6855830
77,69,0.0000000,41609.3735105,0.0000000,41609.3735105
77,77,,,,
77,82,,,,
77,83,,,,
77,84,,,,
77,85,,,,
77,86,,,,
77,87,,,,
77,88,,,,
77,89,,,,
77,90,,,,
82,0,,,,
82,17,9.0872668,4693.2091578,0.0000000,4702.2964246
82,18,9.0872668,8158.7229907,0.0000000,8167.8102574
82,20,9.0872668,18048.7797995,0.0000000,18057.8670663
82,21,9.0872668,23144.1278491,0.0000000,23153.2151158
82,23,9.0872668,26319.2459259,0.0000000,26328.3331927
82,24,9.0872668,35502.8251635,0.0000000,35511.9124303
82,25,9.0872668,40399.7957928,0.0000000,40408.8830596
82,29,9.0872668,46583.5418420,0.0000000,46592.6291088
82,30,9.0872668,48713.5285538,0.0000000,48722.6158206
82,31,9.0872668,51860.7905225,0.0000000,51869.8777893
82,32,9.0872668,53436.9535127,0.0000000,53446.0407795
82,33,9.0872668,52155.6492547,0.0000000,52164.7365215
82,35,9.0872668,56193.8249134,0.0000000,56202.9121801
82,36,9.0872668,60773.2241823,0.0000000,60782.3114490
82,38,9.0872668,58990.2296044,39.2041514,59038.5210225
82,39,9.0872668,59519.7746430,0.0000000,59528.8619098
82,40,9.0872668,62074.4472182,0.0000000,62083.5344850
82,48,9.0872668,102251.7905177,0.0000000,102260.8777845
82,52,9.0872668,117735.9613056,0.0000000,117745.0485724
82,53,9.0872668,117301.5490357,0.0000000,117310.6363025
82,54,9.0872668,110816.6748192,0.0000000,110825.7620860
82,57,9.0872668,104975.6032111,0.0000000,104984.6904779
82,58,9.0872668,103041.0848778,0.0000000,103050.1721446
82,60,9.0872668,91902.5039565,0.0000000,91911.5912232
82,61,9.0872668,87752.1954253,0.0000000,87761.2826921
82,62,9.0872668,89381.7289143,0.0000000,89390.8161811
82,63,9.0872668,84472.3056366,0.0000000,84481.3929034
82,64,9.0872668,79765.0470020,0.0000000,79774.1342687
82,66,9.0872668,81191.3797244,0.0000000,81200.4669912
82,67,9.0872668,75915.8519078,0.0000000,75924.9391746
82,68,9.0872668,68558.7609848,0.0000000,68567.8482516
82,69,9.0872668,69092.4489123,0.0000000,69101.5361791
82,77,9.0872668,27743.8128907,0.0000000,27752.9001574
82,82,,,,
82,83,9.0872668,2229.9245276,0.0000000,2239.0117943
82,84,9.0872668,1307.7959380,67.3401985,1384.2234033
82,85,,,,
82,86,,,,
82,87,,,,
82,88,,,,
82,89,,,,
82,90,,,,
83,0,,,,
83,17,0.0000000,6923.1336755,0.0000000,6923.1336755
83,18,0.0000000,10388.6475083,0.0000000,10388.6475083
83,20,0.0000000,20278.7043171,0.0000000,20278.7043171
83,21,0.0000000,25374.0523667,0.0000000,25374.0523667
83,23,0.0000000,28549.1704436,0.0000000,28549.1704436
83,24,0.0000000,37732.7496811,0.0000000,37732.7496811
83,25,0.0000000,42629.7203104,0.0000000,42629.7203104
83,29,0.0000000,48813.4663596,0.0000000,48813.4663596
83,30,0.0000000,50943.4530715,0.0000000,50943.4530715
83,31,0.0000000,54090.7150402,0.0000000,54090.7150402
83,32,0.0000000,55666.8780303,0.0000000,55666.8780303
83,33,0.0000000,54385.5737724,0.0000000,54385.5737724
83,35,0.0000000,58423.7494310,0.0000000,58423.7494310
83,36,0.0000000,63003.1486999,0.0000000,63003.1486999
83,38,0.0000000,61220.1541220,39.2041514,61259.3582734
83,39,0.0000000,61749.6991607,0.0000000,61749.6991607
83,40,0.0000000,64304.3717359,0.0000000,64304.3717359
83,48,0.0000000,104481.7150353,0.0000000,104481.7150353
83,52,0.0000000,119965.8858232,0.0000000,119965.8858232
83,53,0.0000000,119531.4735534,0.0000000,119531.4735534
83,54,0.0000000,113046.5993369,0.0000000,113046.5993369
83,57,0.0000000,107205.5277288,0.0000000,107205.5277288
83,58,0.0000000,105271.0093954,0.0000000,105271.0093954
83,60,0.0000000,94132.4284741,0.0000000,94132.4284741
83,61,0.0000000,89982.1199429,0.0000000,89982.1199429
83,62,0.0000000,91611.6534320,0.0000000,91611.6534320
83,63,0.0000000,86702.2301543,0.0000000,86702.2301543
83,64,0.0000000,81994.9715196,0.0000000,81994.9715196
83,66,0.0000000,83421.3042421,0.0000000,83421.3042421
83,67,0.0000000,78145.7764255,0.0000000,78145.7764255
83,68,0.0000000,70788.6855025,0.0000000,70788.6855025
83,69,0.0000000,71322.3734300,0.0000000,71322.3734300
83,77,0.0000000,29973.7374083,0.0000000,29973.7374083
83,82,,,,
83,83,,,,
83,84,,,,
83,85,,,,
83,86,,,,
83,87,,,,
83,88,,,,
83,89,,,,
83,90,,,,
84,0,,,,
84,17,67.3401985,6001.0050859,0.0000000,6068.3452844
84,18,67.3401985,9466.5189188,0.0000000,9533.8591173
84,20,67.3401985,19356.5757276,0.0000000,19423.9159261
84,21,67.3401985,24451.9237772,0.0000000,24519.2639756
84,23,67.3401985,27627.0418540,0.0000000,27694.3820525
84,24,67.3401985,36810.6210916,0.0000000,36877.9612901
84,25,67.3401985,41707.5917209,0.0000000,41774.9319194
84,29,67.3401985,47891.3377701,0.0000000,47958.6779686
84,30,67.3401985,50021.3244819,0.0000000,50088.6646804
84,31,67.3401985,53168.5864506,0.0000000,53235.9266491
84,32,67.3401985,54744.7494408,0.0000000,54812.0896393
84,33,67.3401985,53463.4451828,0.0000000,53530.7853813
84,35,67.3401985,57501.6208415,0.0000000,57568.9610400
84,36,67.3401985,62081.0201104,0.0000000,62148.3603088
84,38,67.3401985,60298.0255325,39.2041514,60404.5698823
84,39,67.3401985,60827.5705711,0.0000000,60894.9107696
84,40,67.3401985,63382.2431463,0.0000000,63449.5833448
84,48,67.3401985,103559.5864458,0.0000000,103626.9266443
84,52,67.3401985,119043.7572337,0.0000000,119111.0974322
84,53,67.3401985,118609.3449638,0.0000000,118676.6851623
84,54,67.3401985,112124.4707473,0.0000000,112191.8109458
84,57,67.3401985,106283.3991392,0.0000000,106350.7393377
84,58,67.3401985,104348.8808059,0.0000000,104416.2210044
84,60,67.3401985,93210.2998846,0.0000000,93277.6400831
84,61,67.3401985,89059.9913534,0.0000000,89127.3315519
84,62,67.3401985,90689.5248424,0.0000000,90756.8650409
84,63,67.3401985,85780.1015647,0.0000000,85847.4417632
84,64,67.3401985,81072.8429301,0.0000000,81140.1831285
84,66,67.3401985,82499.1756525,0.0000000,82566.5158510
84,67,67.3401985,77223.6478359,0.0000000,77290.9880344
84,68,67.3401985,69866.5569129,0.0000000,69933.8971114
84,69,67.3401985,70400.2448404,0.0000000,70467.5850389
84,77,67.3401985,29051.6088188,0.0000000,29118.9490172
84,82,,,,
84,83,67.3401985,922.1285895,0.0000000,989.4687880
84,84,,,,
84,85,,,,
84,86,,,,
84,87,,,,
84,88,,,,
84,89,,,,
84,90,,,,
85,0,,,,
85,17,0.0000000,8299.6909484,0.0000000,8299.6909484
85,18,0.0000000,11765.2047812,0.0000000,11765.2047812
85,20,0.0000000,21655.2615900,0.0000000,21655.2615900
85,21,0.0000000,26750.6096396,0.0000000,26750.6096396
85,23,0.0000000,29925.7277165,0.0000000,29925.7277165
85,24,0.0000000,39109.3069540,0.0000000,39109.3069540
85,25,0.0000000,44006.2775833,0.0000000,44006.2775833
85,29,0.0000000,50190.0236325,0.0000000,50190.0236325
85,30,0.0000000,52320.0103444,0.0000000,52320.0103444
85,31,0.0000000,55467.2723131,0.0000000,55467.2723131
85,32,0.0000000,57043.4353032,0.0000000,57043.4353032
85,33,0.0000000,55762.1310453,0.0000000,55762.1310453
85,35,0.0000000,59800.3067039,0.0000000,59800.3067039
85,36,0.0000000,64379.7059728,0.0000000,64379.7059728
85,38,0.0000000,62596.7113949,39.2041514,62635.9155463
85,39,0.0000000,63126.2564336,0.0000000,63126.2564336
85,40,0.0000000,65680.9290088,0.0000000,65680.9290088
85,48,0.0000000,105858.2723082,0.0000000,105858.2723082
85,52,0.0000000,121342.4430961,0.0000000,121342.4430961
85,53,0.0000000,120908.0308263,0.0000000,120908.0308263
85,54,0.0000000,114423.1566098,0.0000000,114423.1566098
85,57,0.0000000,108582.0850017,0.0000000,108582.0850017
85,58,0.0000000,106647.5666683,0.0000000,106647.5666683
85,60,0.0000000,95508.9857470,0.0000000,95508.9857470
85,61,0.0000000,91358.6772158,0.0000000,91358.6772158
85,62,0.0000000,92988.2107049,0.0000000,92988.2107049
85,63,0.0000000,88078.7874272,0.0000000,88078.7874272
85,64,0.0000000,83371.5287925,0.0000000,83371.5287925
85,66,0.0000000,84797.8615150,0.0000000,84797.8615150
85,67,0.0000000,79522.3336984,0.0000000,79522.3336984
85,68,0.0000000,72165.2427754,0.0000000,72165.2427754
85,69,0.0000000,72698.9307029,0.0000000,72698.9307029
85,77,0.0000000,31350.2946812,0.0000000,31350.2946812
85,82,0.0000000,5123.9293342,9.0872668,5133.0166010
85,83,0.0000000,7353.8538518,0.0000000,7353.8538518
85,84,0.0000000,6431.7252623,67.3401985,6499.0654608
85,85,,,,
85,86,0.0000000,1676.0968009,0.0000000,1676.0968009
85,87,,,,
85,88,,,,
85,89,,,,
85,90,,,,
86,0,,,,
86,17,0.0000000,7814.7778414,0.0000000,7814.7778414
86,18,0.0000000,11280.2916742,0.0000000,11280.2916742
86,20,0.0000000,21170.3484831,0.0000000,21170.3484831
86,21,0.0000000,26265.6965326,0.0000000,26265.6965326
86,23,0.0000000,29440.8146095,0.0000000,29440.8146095
86,24,0.0000000,38624.3938471,0.0000000,38624.3938471
86,25,0.0000000,43521.3644763,0.0000000,43521.3644763
86,29,0.0000000,49705.1105256,0.0000000,49705.1105256
86,30,0.0000000,51835.0972374,0.0000000,51835.0972374
86,31,0.0000000,54982.3592061,0.0000000,54982.3592061
86,32,0.0000000,56558.5221963,0.0000000,56558.5221963
86,33,0.0000000,55277.2179383,0.0000000,55277.2179383
86,35,0.0000000,59315.3935969,0.0000000,59315.3935969
86,36,0.0000000,63894.7928658,0.0000000,63894.7928658
86,38,0.0000000,62111.7982879,39.2041514,62151.0024393
86,39,0.0000000,62641.3433266,0.0000000,62641.3433266
86,40,0.0000000,65196.0159018,0.0000000,65196.0159018
86,48,0.0000000,105373.3592013,0.0000000,105373.3592013
86,52,0.0000000,120857.5299892,0.0000000,120857.5299892
86,53,0.0000000,120423.1177193,0.0000000,120423.1177193
86,54,0.0000000,113938.2435028,0.0000000,113938.2435028
86,57,0.0000000,108097.1718947,0.0000000,108097.1718947
86,58,0.0000000,106162.6535614,0.0000000,106162.6535614
86,60,0.0000000,95024.0726400,0.0000000,95024.0726400
86,61,0.0000000,90873.7641089,0.0000000,90873.7641089
86,62,0.0000000,92503.2975979,0.0000000,92503.2975979
86,63,0.0000000,87593.8743202,0.0000000,87593.8743202
86,64,0.0000000,82886.6156855,0.0000000,82886.6156855
86,66,0.0000000,84312.9484080,0.0000000,84312.9484080
86,67,0.0000000,79037.4205914,0.0000000,79037.4205914
86,68,0.0000000,71680.3296684,0.0000000,71680.3296684
86,69,0.0000000,72214.0175959,0.0000000,72214.0175959
86,77,0.0000000,30865.3815742,0.0000000,30865.3815742
86,82,0.0000000,4639.0162272,9.0872668,4648.1034940
86,83,0.0000000,6868.9407449,0.0000000,6868.9407449
86,84,0.0000000,5946.8121553,67.3401985,6014.1523538
86,85,,,,
86,86,,,,
86,87,,,,
86,88,,,,
86,89,,,,
86,90,,,,
87,0,,,,
87,17,0.0000000,11311.4684603,0.0000000,11311.4684603
87,18,0.0000000,14776.9822931,0.0000000,14776.9822931
87,20,0.0000000,24667.0391019,0.0000000,24667.0391019
87,21,0.0000000,29762.3871515,0.0000000,29762.3871515
87,23,0.0000000,32937.5052284,0.0000000,32937.5052284
87,24,0.0000000,42121.0844660,0.0000000,42121.0844660
87,25,0.0000000,47018.0550952,0.0000000,47018.0550952
87,29,0.0000000,53201.8011445,0.0000000,53201.8011445
87,30,0.0000000,55331.7878563,0.0000000,55331.7878563
87,31,0.0000000,58479.0498250,0.0000000,58479.0498250
87,32,0.0000000,60055.2128151,0.0000000,60055.2128151
87,33,0.0000000,58773.9085572,0.0000000,58773.9085572
87,35,0.0000000,62812.0842158,0.0000000,62812.0842158
87,36,0.0000000,67391.4834847,0.0000000,67391.4834847
87,38,0.0000000,65608.4889068,39.2041514,65647.6930582
87,39,0.0000000,66138.0339455,0.0000000,66138.0339455
87,40,0.0000000,68692.7065207,0.0000000,68692.7065207
87,48,0.0000000,108870.0498201,0.0000000,108870.0498201
87,52,0.0000000,124354.2206080,0.0000000,124354.2206080
87,53,0.0000000,123919.8083382,0.0000000,123919.8083382
87,54,0.0000000,117434.9341217,0.0000000,117434.9341217
87,57,0.0000000,111593.8625136,0.0000000,111593.8625136
87,58,0.0000000,109659.3441802,0.0000000,109659.3441802
87,60,0.0000000,98520.7632589,0.0000000,98520.7632589
87,61,0.0000000,94370.4547277,0.0000000,94370.4547277
87,62,0.0000000,95999.9882168,0.0000000,95999.9882168
87,63,0.0000000,91090.5649391,0.0000000,91090.5649391
87,64,0.0000000,86383.3063044,0.0000000,86383.3063044
87,66,0.0000000,87809.6390269,0.0000000,87809.6390269
87,67,0.0000000,82534.1112103,0.0000000,82534.1112103
87,68,0.0000000,75177.0202873,0.0000000,75177.0202873
87,69,0.0000000,75710.7082148,0.0000000,75710.7082148
87,77,0.0000000,34362.0721931,0.0000000,34362.0721931
87,82,0.0000000,8135.7068461,9.0872668,8144.7941129
87,83,0.0000000,10365.6313637,0.0000000,10365.6313637
87,84,0.0000000,9443.5027742,67.3401985,9510.8429727
87,85,0.0000000,3638.1562108,0.0000000,3638.1562108
87,86,0.0000000,4687.8743128,0.0000000,4687.8743128
87,87,,,,
87,88,,,,
87,89,,,,
87,90,,,,
88,0,,,,
88,17,0.0000000,14508.1728839,0.0000000,14508.1728839
88,18,0.0000000,17973.6867168,0.0000000,17973.6867168
88,20,0.0000000,27863.7435256,0.0000000,27863.7435256
88,21,0.0000000,32959.0915751,0.0000000,32959.0915751
88,23,0.0000000,36134.2096520,0.0000000,36134.2096520
88,24,0.0000000,45317.7888896,0.0000000,45317.7888896
88,25,0.0000000,50214.7595189,0.0000000,50214.7595189
88,29,0.0000000,56398.5055681,0.0000000,56398.5055681
88,30,0.0000000,58528.4922799,0.0000000,58528.4922799
88,31,0.0000000,61675.7542486,0.0000000,61675.7542486
88,32,0.0000000,63251.9172388,0.0000000,63251.9172388
88,33,0.0000000,61970.6129808,0.0000000,61970.6129808
88,35,0.0000000,66008.7886394,0.0000000,66008.7886394
88,36,0.0000000,70588.1879083,0.0000000,70588.1879083
88,38,0.0000000,68805.1933305,39.2041514,68844.3974818
88,39,0.0000000,69334.7383691,0.0000000,69334.7383691
88,40,0.0000000,71889.4109443,0.0000000,71889.4109443
88,48,0.0000000,112066.7542438,0.0000000,112066.7542438
88,52,0.0000000,127550.9250317,0.0000000,127550.9250317
88,53,0.0000000,127116.5127618,0.0000000,127116.5127618
88,54,0.0000000,120631.6385453,0.0000000,120631.6385453
88,57,0.0000000,114790.5669372,0.0000000,114790.5669372
88,58,0.0000000,112856.0486039,0.0000000,112856.0486039
88,60,0.0000000,101717.4676825,0.0000000,101717.4676825
88,61,0.0000000,97567.1591514,0.0000000,97567.1591514
88,62,0.0000000,99196.6926404,0.0000000,99196.6926404
88,63,0.0000000,94287.2693627,0.0000000,94287.2693627
88,64,0.0000000,89580.0107280,0.0000000,89580.0107280
88,66,0.0000000,91006.3434505,0.0000000,91006.3434505
88,67,0.0000000,85730.8156339,0.0000000,85730.8156339
88,68,0.0000000,78373.7247109,0.0000000,78373.7247109
88,69,0.0000000,78907.4126384,0.0000000,78907.4126384
88,77,0.0000000,37558.7766167,0.0000000,37558.7766167
88,82,0.0000000,11332.4112697,9.0872668,11341.4985365
88,83,0.0000000,13562.3357874,0.0000000,13562.3357874
88,84,0.0000000,12640.2071978,67.3401985,12707.5473963
88,85,0.0000000,6834.8606344,0.0000000,6834.8606344
88,86,0.0000000,7884.5787364,0.0000000,7884.5787364
88,87,0.0000000,5352.8852188,0.0000000,5352.8852188
88,88,,,,
88,89,,,,
88,90,,,,
89,0,,,,
89,17,0.0000000,18255.5779199,0.0000000,18255.5779199
89,18,0.0000000,21721.0917528,0.0000000,21721.0917528
89,20,0.0000000,31611.1485616,0.0000000,31611.1485616
89,21,0.0000000,36706.4966112,0.0000000,36706.4966112
89,23,0.0000000,39881.6146880,0.0000000,39881.6146880
89,24,0.0000000,49065.1939256,0.0000000,49065.1939256
89,25,0.0000000,53962.1645549,0.0000000,53962.1645549
89,29,0.0000000,60145.9106041,0.0000000,60145.9106041
89,30,0.0000000,62275.8973159,0.0000000,62275.8973159
89,31,0.0000000,65423.1592846,0.0000000,65423.1592846
89,32,0.0000000,66999.3222748,0.0000000,66999.3222748
89,33,0.0000000,65718.0180168,0.0000000,65718.0180168
89,35,0.0000000,69756.1936755,0.0000000,69756.1936755
89,36,0.0000000,74335.5929444,0.0000000,74335.5929444
89,38,0.0000000,72552.5983665,39.2041514,72591.8025179
89,39,0.0000000,73082.1434052,0.0000000,73082.1434052
89,40,0.0000000,75636.8159803,0.0000000,75636.8159803
89,48,0.0000000,115814.1592798,0.0000000,115814.1592798
89,52,0.0000000,131298.3300677,0.0000000,131298.3300677
89,53,0.0000000,130863.9177979,0.0000000,130863.9177979
89,54,0.0000000,124379.0435813,0.0000000,124379.0435813
89,57,0.0000000,118537.9719733,0.0000000,118537.9719733
89,58,0.0000000,116603.4536399,0.0000000,116603.4536399
89,60,0.0000000,105464.8727186,0.0000000,105464.8727186
89,61,0.0000000,101314.5641874,0.0000000,101314.5641874
89,62,0.0000000,102944.0976764,0.0000000,102944.0976764
89,63,0.0000000,98034.6743987,0.0000000,98034.6743987
89,64,0.0000000,93327.4157641,0.0000000,93327.4157641
89,66,0.0000000,94753.7484865,0.0000000,94753.7484865
89,67,0.0000000,89478.2206699,0.0000000,89478.2206699
89,68,0.0000000,82121.1297469,0.0000000,82121.1297469
89,69,0.0000000,82654.8176744,0.0000000,82654.8176744
89,77,0.0000000,41306.1816528,0.0000000,41306.1816528
89,82,0.0000000,15079.8163058,9.0872668,15088.9035725
89,83,0.0000000,17309.7408234,0.0000000,17309.7408234
89,84,0.0000000,16387.6122339,67.3401985,16454.9524323
89,85,0.0000000,10582.2656705,0.0000000,10582.2656705
89,86,0.0000000,11631.9837725,0.0000000,11631.9837725
89,87,0.0000000,9100.2902549,0.0000000,9100.2902549
89,88,0.0000000,4309.0225906,0.0000000,4309.0225906
89,89,,,,
89,90,,,,
90,0,,,,
90,17,0.0000000,28466.9601526,0.0000000,28466.9601526
90,18,0.0000000,31932.4739855,0.0000000,31932.4739855
90,20,0.0000000,41822.5307943,0.0000000,41822.5307943
90,21,0.0000000,46917.8788439,0.0000000,46917.8788439
90,23,0.0000000,50092.9969208,0.0000000,50092.9969208
90,24,0.0000000,59276.5761583,0.0000000,59276.5761583
90,25,0.0000000,64173.5467876,0.0000000,64173.5467876
90,29,0.0000000,70357.2928368,0.0000000,70357.2928368
90,30,0.0000000,72487.2795486,0.0000000,72487.2795486
90,31,0.0000000,75634.5415174,0.0000000,75634.5415174
90,32,0.0000000,77210.7045075,0.0000000,77210.7045075
90,33,0.0000000,75929.4002495,0.0000000,75929.4002495
90,35,0.0000000,79967.5759082,0.0000000,79967.5759082
90,36,0.0000000,84546.9751771,0.0000000,84546.9751771
90,38,0.0000000,82763.9805992,39.2041514,82803.1847506
90,39,0.0000000,83293.5256379,0.0000000,83293.5256379
90,40,0.0000000,85848.1982130,0.0000000,85848.1982130
90,48,0.0000000,126025.5415125,0.0000000,126025.5415125
90,52,0.0000000,141509.7123004,0.0000000,141509.7123004
90,53,0.0000000,141075.3000306,0.0000000,141075.3000306
90,54,0.0000000,134590.4258140,0.0000000,134590.4258140
90,57,0.0000000,128749.3542060,0.0000000,128749.3542060
90,58,0.0000000,126814.8358726,0.0000000,126814.8358726
90,60,0.0000000,115676.2549513,0.0000000,115676.2549513
90,61,0.0000000,111525.9464201,0.0000000,111525.9464201
90,62,0.0000000,113155.4799091,0.0000000,113155.4799091
90,63,0.0000000,108246.0566315,0.0000000,108246.0566315
90,64,0.0000000,103538.7979968,0.0000000,103538.7979968
90,66,0.0000000,104965.1307193,0.0000000,104965.1307193
90,67,0.0000000,99689.6029027,0.0000000,99689.6029027
90,68,0.0000000,92332.5119796,0.0000000,92332.5119796
90,69,0.0000000,92866.1999071,0.0000000,92866.1999071
90,77,0.0000000,51517.5638855,0.0000000,51517.5638855
90,82,0.0000000,25291.1985385,9.0872668,25300.2858052
90,83,0.0000000,27521.1230561,0.0000000,27521.1230561
90,84,0.0000000,26598.9944666,67.3401985,26666.3346651
90,85,0.0000000,20793.6479032,0.0000000,20793.6479032
90,86,0.0000000,21843.3660052,0.0000000,21843.3660052
90,87,0.0000000,19311.6724876,0.0000000,19311.6724876
90,88,0.0000000,14520.4048233,0.0000000,14520.4048233
90,89,0.0000000,13849.0645289,0.0000000,13849.0645289
90,90,,,,
